source,target,coverage
ENSG00000005102,ENSG00000037965,1
ENSG00000037965,ENSG00000005102,1
ENSG00000005102,ENSG00000108788,1
ENSG00000108788,ENSG00000005102,1
ENSG00000005102,ENSG00000119725,1
ENSG00000119725,ENSG00000005102,1
ENSG00000005102,ENSG00000166211,1
ENSG00000166211,ENSG00000005102,1
ENSG00000006194,ENSG00000083838,1
ENSG00000083838,ENSG00000006194,1
ENSG00000007372,ENSG00000037965,1
ENSG00000037965,ENSG00000007372,1
ENSG00000007372,ENSG00000105991,1
ENSG00000105991,ENSG00000007372,1
ENSG00000007372,ENSG00000119725,1
ENSG00000119725,ENSG00000007372,1
ENSG00000007372,ENSG00000124827,1
ENSG00000124827,ENSG00000007372,1
ENSG00000007372,ENSG00000196418,1
ENSG00000196418,ENSG00000007372,1
ENSG00000007372,ENSG00000196482,1
ENSG00000196482,ENSG00000007372,1
ENSG00000007372,ENSG00000214717,1
ENSG00000214717,ENSG00000007372,1
ENSG00000011590,ENSG00000011590,1
ENSG00000011590,ENSG00000011590,1
ENSG00000011590,ENSG00000069011,1
ENSG00000069011,ENSG00000011590,1
ENSG00000011590,ENSG00000100105,1
ENSG00000100105,ENSG00000011590,1
ENSG00000011590,ENSG00000108788,1
ENSG00000108788,ENSG00000011590,1
ENSG00000011590,ENSG00000131721,1
ENSG00000131721,ENSG00000011590,1
ENSG00000011590,ENSG00000151650,1
ENSG00000151650,ENSG00000011590,1
ENSG00000011590,ENSG00000164438,1
ENSG00000164438,ENSG00000011590,1
ENSG00000016082,ENSG00000198546,1
ENSG00000198546,ENSG00000016082,1
ENSG00000019549,ENSG00000065029,1
ENSG00000065029,ENSG00000019549,1
ENSG00000028277,ENSG00000120149,1
ENSG00000120149,ENSG00000028277,1
ENSG00000037965,ENSG00000061455,1
ENSG00000061455,ENSG00000037965,1
ENSG00000037965,ENSG00000105717,1
ENSG00000105717,ENSG00000037965,1
ENSG00000037965,ENSG00000106511,1
ENSG00000106511,ENSG00000037965,1
ENSG00000037965,ENSG00000106536,1
ENSG00000106536,ENSG00000037965,1
ENSG00000037965,ENSG00000106689,1
ENSG00000106689,ENSG00000037965,1
ENSG00000037965,ENSG00000107187,1
ENSG00000107187,ENSG00000037965,1
ENSG00000037965,ENSG00000125618,1
ENSG00000125618,ENSG00000037965,1
ENSG00000037965,ENSG00000128652,1
ENSG00000128652,ENSG00000037965,1
ENSG00000037965,ENSG00000143178,1
ENSG00000143178,ENSG00000037965,1
ENSG00000037965,ENSG00000147596,1
ENSG00000147596,ENSG00000037965,1
ENSG00000037965,ENSG00000151650,1
ENSG00000151650,ENSG00000037965,1
ENSG00000037965,ENSG00000161405,1
ENSG00000161405,ENSG00000037965,1
ENSG00000037965,ENSG00000163666,1
ENSG00000163666,ENSG00000037965,1
ENSG00000037965,ENSG00000185630,1
ENSG00000185630,ENSG00000037965,1
ENSG00000037965,ENSG00000186951,1
ENSG00000186951,ENSG00000037965,1
ENSG00000037965,ENSG00000196092,1
ENSG00000196092,ENSG00000037965,1
ENSG00000037965,ENSG00000196378,1
ENSG00000196378,ENSG00000037965,1
ENSG00000037965,ENSG00000204304,1
ENSG00000204304,ENSG00000037965,1
ENSG00000039600,ENSG00000151702,1
ENSG00000151702,ENSG00000039600,1
ENSG00000049768,ENSG00000125740,1
ENSG00000125740,ENSG00000049768,1
ENSG00000061455,ENSG00000061455,1
ENSG00000061455,ENSG00000061455,1
ENSG00000061455,ENSG00000100105,1
ENSG00000100105,ENSG00000061455,1
ENSG00000061455,ENSG00000184492,1
ENSG00000184492,ENSG00000061455,1
ENSG00000063515,ENSG00000124827,1
ENSG00000124827,ENSG00000063515,1
ENSG00000063515,ENSG00000167685,1
ENSG00000167685,ENSG00000063515,1
ENSG00000063515,ENSG00000175329,1
ENSG00000175329,ENSG00000063515,1
ENSG00000063515,ENSG00000198466,1
ENSG00000198466,ENSG00000063515,1
ENSG00000064195,ENSG00000151615,1
ENSG00000151615,ENSG00000064195,1
ENSG00000064218,ENSG00000106511,1
ENSG00000106511,ENSG00000064218,1
ENSG00000064218,ENSG00000109101,1
ENSG00000109101,ENSG00000064218,1
ENSG00000064218,ENSG00000147596,1
ENSG00000147596,ENSG00000064218,1
ENSG00000064218,ENSG00000162924,1
ENSG00000162924,ENSG00000064218,1
ENSG00000064218,ENSG00000183621,1
ENSG00000183621,ENSG00000064218,1
ENSG00000064218,ENSG00000185002,1
ENSG00000185002,ENSG00000064218,1
ENSG00000064218,ENSG00000196628,1
ENSG00000196628,ENSG00000064218,1
ENSG00000064835,ENSG00000120149,1
ENSG00000120149,ENSG00000064835,1
ENSG00000064835,ENSG00000121454,1
ENSG00000121454,ENSG00000064835,1
ENSG00000064961,ENSG00000140382,1
ENSG00000140382,ENSG00000064961,1
ENSG00000065029,ENSG00000106852,1
ENSG00000106852,ENSG00000065029,1
ENSG00000065029,ENSG00000107187,1
ENSG00000107187,ENSG00000065029,1
ENSG00000065029,ENSG00000121454,1
ENSG00000121454,ENSG00000065029,1
ENSG00000065029,ENSG00000143442,1
ENSG00000143442,ENSG00000065029,1
ENSG00000065029,ENSG00000161405,1
ENSG00000161405,ENSG00000065029,1
ENSG00000065029,ENSG00000162924,1
ENSG00000162924,ENSG00000065029,1
ENSG00000065029,ENSG00000163884,1
ENSG00000163884,ENSG00000065029,1
ENSG00000065029,ENSG00000183309,1
ENSG00000183309,ENSG00000065029,1
ENSG00000067066,ENSG00000067066,1
ENSG00000067066,ENSG00000067066,1
ENSG00000069011,ENSG00000105991,1
ENSG00000105991,ENSG00000069011,1
ENSG00000069011,ENSG00000120149,1
ENSG00000120149,ENSG00000069011,1
ENSG00000069011,ENSG00000131721,1
ENSG00000131721,ENSG00000069011,1
ENSG00000069011,ENSG00000143178,1
ENSG00000143178,ENSG00000069011,1
ENSG00000069011,ENSG00000196378,1
ENSG00000196378,ENSG00000069011,1
ENSG00000070476,ENSG00000143442,1
ENSG00000143442,ENSG00000070476,1
ENSG00000073584,ENSG00000106511,1
ENSG00000106511,ENSG00000073584,1
ENSG00000075426,ENSG00000106511,1
ENSG00000106511,ENSG00000075426,1
ENSG00000075426,ENSG00000112182,1
ENSG00000112182,ENSG00000075426,1
ENSG00000075426,ENSG00000115966,1
ENSG00000115966,ENSG00000075426,1
ENSG00000075426,ENSG00000146592,1
ENSG00000146592,ENSG00000075426,1
ENSG00000075426,ENSG00000162624,1
ENSG00000162624,ENSG00000075426,1
ENSG00000075426,ENSG00000171223,1
ENSG00000171223,ENSG00000075426,1
ENSG00000075426,ENSG00000177606,1
ENSG00000177606,ENSG00000075426,1
ENSG00000077092,ENSG00000106511,1
ENSG00000106511,ENSG00000077092,1
ENSG00000080298,ENSG00000106511,1
ENSG00000106511,ENSG00000080298,1
ENSG00000080298,ENSG00000185002,1
ENSG00000185002,ENSG00000080298,1
ENSG00000083838,ENSG00000083838,1
ENSG00000083838,ENSG00000083838,1
ENSG00000083838,ENSG00000121413,1
ENSG00000121413,ENSG00000083838,1
ENSG00000083838,ENSG00000137185,1
ENSG00000137185,ENSG00000083838,1
ENSG00000083838,ENSG00000140265,1
ENSG00000140265,ENSG00000083838,1
ENSG00000083838,ENSG00000140987,1
ENSG00000140987,ENSG00000083838,1
ENSG00000083838,ENSG00000154957,1
ENSG00000154957,ENSG00000083838,1
ENSG00000083838,ENSG00000162924,1
ENSG00000162924,ENSG00000083838,1
ENSG00000083838,ENSG00000167840,1
ENSG00000167840,ENSG00000083838,1
ENSG00000083838,ENSG00000173258,1
ENSG00000173258,ENSG00000083838,1
ENSG00000083838,ENSG00000186812,1
ENSG00000186812,ENSG00000083838,1
ENSG00000083838,ENSG00000186814,1
ENSG00000186814,ENSG00000083838,1
ENSG00000083838,ENSG00000187987,1
ENSG00000187987,ENSG00000083838,1
ENSG00000083838,ENSG00000196345,1
ENSG00000196345,ENSG00000083838,1
ENSG00000083844,ENSG00000105497,1
ENSG00000105497,ENSG00000083844,1
ENSG00000087903,ENSG00000129654,1
ENSG00000129654,ENSG00000087903,1
ENSG00000087903,ENSG00000139445,1
ENSG00000139445,ENSG00000087903,1
ENSG00000087903,ENSG00000185002,1
ENSG00000185002,ENSG00000087903,1
ENSG00000088876,ENSG00000127903,1
ENSG00000127903,ENSG00000088876,1
ENSG00000088876,ENSG00000179930,1
ENSG00000179930,ENSG00000088876,1
ENSG00000088876,ENSG00000198807,1
ENSG00000198807,ENSG00000088876,1
ENSG00000092607,ENSG00000092607,1
ENSG00000092607,ENSG00000092607,1
ENSG00000092607,ENSG00000105991,1
ENSG00000105991,ENSG00000092607,1
ENSG00000092607,ENSG00000149922,1
ENSG00000149922,ENSG00000092607,1
ENSG00000092607,ENSG00000151650,1
ENSG00000151650,ENSG00000092607,1
ENSG00000095574,ENSG00000095574,1
ENSG00000095574,ENSG00000095574,1
ENSG00000095794,ENSG00000126603,1
ENSG00000126603,ENSG00000095794,1
ENSG00000095794,ENSG00000131721,1
ENSG00000131721,ENSG00000095794,1
ENSG00000095794,ENSG00000134107,1
ENSG00000134107,ENSG00000095794,1
ENSG00000095794,ENSG00000143190,1
ENSG00000143190,ENSG00000095794,1
ENSG00000095794,ENSG00000151650,1
ENSG00000151650,ENSG00000095794,1
ENSG00000095951,ENSG00000095951,1
ENSG00000095951,ENSG00000095951,1
ENSG00000095951,ENSG00000105866,1
ENSG00000105866,ENSG00000095951,1
ENSG00000095951,ENSG00000106536,1
ENSG00000106536,ENSG00000095951,1
ENSG00000095951,ENSG00000115507,1
ENSG00000115507,ENSG00000095951,1
ENSG00000095951,ENSG00000134107,1
ENSG00000134107,ENSG00000095951,1
ENSG00000095951,ENSG00000136451,1
ENSG00000136451,ENSG00000095951,1
ENSG00000095951,ENSG00000140836,1
ENSG00000140836,ENSG00000095951,1
ENSG00000095951,ENSG00000143190,1
ENSG00000143190,ENSG00000095951,1
ENSG00000095951,ENSG00000143442,1
ENSG00000143442,ENSG00000095951,1
ENSG00000100105,ENSG00000105610,1
ENSG00000105610,ENSG00000100105,1
ENSG00000100105,ENSG00000120149,1
ENSG00000120149,ENSG00000100105,1
ENSG00000100105,ENSG00000147596,1
ENSG00000147596,ENSG00000100105,1
ENSG00000100105,ENSG00000152977,1
ENSG00000152977,ENSG00000100105,1
ENSG00000100105,ENSG00000185002,1
ENSG00000185002,ENSG00000100105,1
ENSG00000100105,ENSG00000269699,1
ENSG00000269699,ENSG00000100105,1
ENSG00000100146,ENSG00000105392,1
ENSG00000105392,ENSG00000100146,1
ENSG00000100146,ENSG00000106536,1
ENSG00000106536,ENSG00000100146,1
ENSG00000100426,ENSG00000100426,1
ENSG00000100426,ENSG00000100426,1
ENSG00000100426,ENSG00000106511,1
ENSG00000106511,ENSG00000100426,1
ENSG00000100811,ENSG00000105750,1
ENSG00000105750,ENSG00000100811,1
ENSG00000100811,ENSG00000107187,1
ENSG00000107187,ENSG00000100811,1
ENSG00000100811,ENSG00000121454,1
ENSG00000121454,ENSG00000100811,1
ENSG00000103460,ENSG00000124827,1
ENSG00000124827,ENSG00000103460,1
ENSG00000105392,ENSG00000124827,1
ENSG00000124827,ENSG00000105392,1
ENSG00000105392,ENSG00000126603,1
ENSG00000126603,ENSG00000105392,1
ENSG00000105392,ENSG00000131721,1
ENSG00000131721,ENSG00000105392,1
ENSG00000105392,ENSG00000134532,1
ENSG00000134532,ENSG00000105392,1
ENSG00000105392,ENSG00000134595,1
ENSG00000134595,ENSG00000105392,1
ENSG00000105392,ENSG00000143442,1
ENSG00000143442,ENSG00000105392,1
ENSG00000105392,ENSG00000148737,1
ENSG00000148737,ENSG00000105392,1
ENSG00000105392,ENSG00000149922,1
ENSG00000149922,ENSG00000105392,1
ENSG00000105392,ENSG00000152977,1
ENSG00000152977,ENSG00000105392,1
ENSG00000105392,ENSG00000159387,1
ENSG00000159387,ENSG00000105392,1
ENSG00000105392,ENSG00000160973,1
ENSG00000160973,ENSG00000105392,1
ENSG00000105392,ENSG00000164438,1
ENSG00000164438,ENSG00000105392,1
ENSG00000105392,ENSG00000168875,1
ENSG00000168875,ENSG00000105392,1
ENSG00000105392,ENSG00000173258,1
ENSG00000173258,ENSG00000105392,1
ENSG00000105392,ENSG00000229809,1
ENSG00000229809,ENSG00000105392,1
ENSG00000105392,ENSG00000275410,1
ENSG00000275410,ENSG00000105392,1
ENSG00000105419,ENSG00000136451,1
ENSG00000136451,ENSG00000105419,1
ENSG00000105419,ENSG00000173480,1
ENSG00000173480,ENSG00000105419,1
ENSG00000105698,ENSG00000170345,1
ENSG00000170345,ENSG00000105698,1
ENSG00000105717,ENSG00000113916,1
ENSG00000113916,ENSG00000105717,1
ENSG00000105717,ENSG00000120075,1
ENSG00000120075,ENSG00000105717,1
ENSG00000105717,ENSG00000134138,1
ENSG00000134138,ENSG00000105717,1
ENSG00000105717,ENSG00000160199,1
ENSG00000160199,ENSG00000105717,1
ENSG00000105717,ENSG00000170166,1
ENSG00000170166,ENSG00000105717,1
ENSG00000105717,ENSG00000172789,1
ENSG00000172789,ENSG00000105717,1
ENSG00000105717,ENSG00000173917,1
ENSG00000173917,ENSG00000105717,1
ENSG00000105717,ENSG00000255009,1
ENSG00000255009,ENSG00000105717,1
ENSG00000105722,ENSG00000106511,1
ENSG00000106511,ENSG00000105722,1
ENSG00000105732,ENSG00000106511,1
ENSG00000106511,ENSG00000105732,1
ENSG00000105732,ENSG00000106536,1
ENSG00000106536,ENSG00000105732,1
ENSG00000105732,ENSG00000107187,1
ENSG00000107187,ENSG00000105732,1
ENSG00000105750,ENSG00000173480,1
ENSG00000173480,ENSG00000105750,1
ENSG00000105866,ENSG00000105866,1
ENSG00000105866,ENSG00000105866,1
ENSG00000105866,ENSG00000128573,1
ENSG00000128573,ENSG00000105866,1
ENSG00000105866,ENSG00000136451,1
ENSG00000136451,ENSG00000105866,1
ENSG00000105866,ENSG00000143190,1
ENSG00000143190,ENSG00000105866,1
ENSG00000105866,ENSG00000143442,1
ENSG00000143442,ENSG00000105866,1
ENSG00000105991,ENSG00000105991,1
ENSG00000105991,ENSG00000105991,1
ENSG00000105991,ENSG00000109101,1
ENSG00000109101,ENSG00000105991,1
ENSG00000105991,ENSG00000109906,1
ENSG00000109906,ENSG00000105991,1
ENSG00000105991,ENSG00000117318,1
ENSG00000117318,ENSG00000105991,1
ENSG00000105991,ENSG00000124827,1
ENSG00000124827,ENSG00000105991,1
ENSG00000105991,ENSG00000135547,1
ENSG00000135547,ENSG00000105991,1
ENSG00000105991,ENSG00000136944,1
ENSG00000136944,ENSG00000105991,1
ENSG00000105991,ENSG00000140009,1
ENSG00000140009,ENSG00000105991,1
ENSG00000105991,ENSG00000146592,1
ENSG00000146592,ENSG00000105991,1
ENSG00000105991,ENSG00000152475,1
ENSG00000152475,ENSG00000105991,1
ENSG00000105991,ENSG00000159387,1
ENSG00000159387,ENSG00000105991,1
ENSG00000105991,ENSG00000160973,1
ENSG00000160973,ENSG00000105991,1
ENSG00000105991,ENSG00000168062,1
ENSG00000168062,ENSG00000105991,1
ENSG00000105991,ENSG00000173480,1
ENSG00000173480,ENSG00000105991,1
ENSG00000105991,ENSG00000175325,1
ENSG00000175325,ENSG00000105991,1
ENSG00000105991,ENSG00000196391,1
ENSG00000196391,ENSG00000105991,1
ENSG00000105991,ENSG00000198466,1
ENSG00000198466,ENSG00000105991,1
ENSG00000105991,ENSG00000204304,1
ENSG00000204304,ENSG00000105991,1
ENSG00000105991,ENSG00000229809,1
ENSG00000229809,ENSG00000105991,1
ENSG00000105991,ENSG00000269699,1
ENSG00000269699,ENSG00000105991,1
ENSG00000106004,ENSG00000204304,1
ENSG00000204304,ENSG00000106004,1
ENSG00000106261,ENSG00000140987,1
ENSG00000140987,ENSG00000106261,1
ENSG00000106511,ENSG00000108788,1
ENSG00000108788,ENSG00000106511,1
ENSG00000106511,ENSG00000109906,1
ENSG00000109906,ENSG00000106511,1
ENSG00000106511,ENSG00000119725,1
ENSG00000119725,ENSG00000106511,1
ENSG00000106511,ENSG00000120075,1
ENSG00000120075,ENSG00000106511,1
ENSG00000106511,ENSG00000124232,1
ENSG00000124232,ENSG00000106511,1
ENSG00000106511,ENSG00000124827,1
ENSG00000124827,ENSG00000106511,1
ENSG00000106511,ENSG00000126351,1
ENSG00000126351,ENSG00000106511,1
ENSG00000106511,ENSG00000129173,1
ENSG00000129173,ENSG00000106511,1
ENSG00000106511,ENSG00000133884,1
ENSG00000133884,ENSG00000106511,1
ENSG00000106511,ENSG00000146757,1
ENSG00000146757,ENSG00000106511,1
ENSG00000106511,ENSG00000158805,1
ENSG00000158805,ENSG00000106511,1
ENSG00000106511,ENSG00000159387,1
ENSG00000159387,ENSG00000106511,1
ENSG00000106511,ENSG00000166949,1
ENSG00000166949,ENSG00000106511,1
ENSG00000106511,ENSG00000167377,1
ENSG00000167377,ENSG00000106511,1
ENSG00000106511,ENSG00000172000,1
ENSG00000172000,ENSG00000106511,1
ENSG00000106511,ENSG00000173039,1
ENSG00000173039,ENSG00000106511,1
ENSG00000106511,ENSG00000173258,1
ENSG00000173258,ENSG00000106511,1
ENSG00000106511,ENSG00000173480,1
ENSG00000173480,ENSG00000106511,1
ENSG00000106511,ENSG00000175832,1
ENSG00000175832,ENSG00000106511,1
ENSG00000106511,ENSG00000176222,1
ENSG00000176222,ENSG00000106511,1
ENSG00000106511,ENSG00000176302,1
ENSG00000176302,ENSG00000106511,1
ENSG00000106511,ENSG00000179059,1
ENSG00000179059,ENSG00000106511,1
ENSG00000106511,ENSG00000179930,1
ENSG00000179930,ENSG00000106511,1
ENSG00000106511,ENSG00000180938,1
ENSG00000180938,ENSG00000106511,1
ENSG00000106511,ENSG00000181472,1
ENSG00000181472,ENSG00000106511,1
ENSG00000106511,ENSG00000181894,1
ENSG00000181894,ENSG00000106511,1
ENSG00000106511,ENSG00000182568,1
ENSG00000182568,ENSG00000106511,1
ENSG00000106511,ENSG00000185811,1
ENSG00000185811,ENSG00000106511,1
ENSG00000106511,ENSG00000188033,1
ENSG00000188033,ENSG00000106511,1
ENSG00000106511,ENSG00000189298,1
ENSG00000189298,ENSG00000106511,1
ENSG00000106511,ENSG00000196418,1
ENSG00000196418,ENSG00000106511,1
ENSG00000106511,ENSG00000196482,1
ENSG00000196482,ENSG00000106511,1
ENSG00000106511,ENSG00000196700,1
ENSG00000196700,ENSG00000106511,1
ENSG00000106511,ENSG00000197128,1
ENSG00000197128,ENSG00000106511,1
ENSG00000106511,ENSG00000197472,1
ENSG00000197472,ENSG00000106511,1
ENSG00000106511,ENSG00000198466,1
ENSG00000198466,ENSG00000106511,1
ENSG00000106511,ENSG00000229809,1
ENSG00000229809,ENSG00000106511,1
ENSG00000106511,ENSG00000249709,1
ENSG00000249709,ENSG00000106511,1
ENSG00000106536,ENSG00000109705,1
ENSG00000109705,ENSG00000106536,1
ENSG00000106536,ENSG00000112365,1
ENSG00000112365,ENSG00000106536,1
ENSG00000106536,ENSG00000113430,1
ENSG00000113430,ENSG00000106536,1
ENSG00000106536,ENSG00000113658,1
ENSG00000113658,ENSG00000106536,1
ENSG00000106536,ENSG00000115297,1
ENSG00000115297,ENSG00000106536,1
ENSG00000106536,ENSG00000116035,1
ENSG00000116035,ENSG00000106536,1
ENSG00000106536,ENSG00000119725,1
ENSG00000119725,ENSG00000106536,1
ENSG00000106536,ENSG00000120149,1
ENSG00000120149,ENSG00000106536,1
ENSG00000106536,ENSG00000122859,1
ENSG00000122859,ENSG00000106536,1
ENSG00000106536,ENSG00000124827,1
ENSG00000124827,ENSG00000106536,1
ENSG00000106536,ENSG00000125740,1
ENSG00000125740,ENSG00000106536,1
ENSG00000106536,ENSG00000126603,1
ENSG00000126603,ENSG00000106536,1
ENSG00000106536,ENSG00000126778,1
ENSG00000126778,ENSG00000106536,1
ENSG00000106536,ENSG00000134107,1
ENSG00000134107,ENSG00000106536,1
ENSG00000106536,ENSG00000134138,1
ENSG00000134138,ENSG00000106536,1
ENSG00000106536,ENSG00000136367,1
ENSG00000136367,ENSG00000106536,1
ENSG00000106536,ENSG00000136451,1
ENSG00000136451,ENSG00000106536,1
ENSG00000106536,ENSG00000140836,1
ENSG00000140836,ENSG00000106536,1
ENSG00000106536,ENSG00000143190,1
ENSG00000143190,ENSG00000106536,1
ENSG00000106536,ENSG00000149922,1
ENSG00000149922,ENSG00000106536,1
ENSG00000106536,ENSG00000151650,1
ENSG00000151650,ENSG00000106536,1
ENSG00000106536,ENSG00000164438,1
ENSG00000164438,ENSG00000106536,1
ENSG00000106536,ENSG00000172789,1
ENSG00000172789,ENSG00000106536,1
ENSG00000106536,ENSG00000173039,1
ENSG00000173039,ENSG00000106536,1
ENSG00000106536,ENSG00000174282,1
ENSG00000174282,ENSG00000106536,1
ENSG00000106536,ENSG00000175325,1
ENSG00000175325,ENSG00000106536,1
ENSG00000106536,ENSG00000175329,1
ENSG00000175329,ENSG00000106536,1
ENSG00000106536,ENSG00000196378,1
ENSG00000196378,ENSG00000106536,1
ENSG00000106536,ENSG00000269699,1
ENSG00000269699,ENSG00000106536,1
ENSG00000106536,ENSG00000275410,1
ENSG00000275410,ENSG00000106536,1
ENSG00000106689,ENSG00000151615,1
ENSG00000151615,ENSG00000106689,1
ENSG00000106689,ENSG00000179059,1
ENSG00000179059,ENSG00000106689,1
ENSG00000106689,ENSG00000198546,1
ENSG00000198546,ENSG00000106689,1
ENSG00000106689,ENSG00000255009,1
ENSG00000255009,ENSG00000106689,1
ENSG00000106852,ENSG00000109787,1
ENSG00000109787,ENSG00000106852,1
ENSG00000106852,ENSG00000183733,1
ENSG00000183733,ENSG00000106852,1
ENSG00000106852,ENSG00000197008,1
ENSG00000197008,ENSG00000106852,1
ENSG00000107175,ENSG00000107175,1
ENSG00000107175,ENSG00000107175,1
ENSG00000107187,ENSG00000124827,1
ENSG00000124827,ENSG00000107187,1
ENSG00000107187,ENSG00000136451,1
ENSG00000136451,ENSG00000107187,1
ENSG00000107187,ENSG00000172789,1
ENSG00000172789,ENSG00000107187,1
ENSG00000107187,ENSG00000173480,1
ENSG00000173480,ENSG00000107187,1
ENSG00000107187,ENSG00000177932,1
ENSG00000177932,ENSG00000107187,1
ENSG00000107187,ENSG00000183733,1
ENSG00000183733,ENSG00000107187,1
ENSG00000107187,ENSG00000198466,1
ENSG00000198466,ENSG00000107187,1
ENSG00000107187,ENSG00000255009,1
ENSG00000255009,ENSG00000107187,1
ENSG00000108788,ENSG00000112182,1
ENSG00000112182,ENSG00000108788,1
ENSG00000108788,ENSG00000177842,1
ENSG00000177842,ENSG00000108788,1
ENSG00000109101,ENSG00000162624,1
ENSG00000162624,ENSG00000109101,1
ENSG00000109787,ENSG00000162624,1
ENSG00000162624,ENSG00000109787,1
ENSG00000109906,ENSG00000109906,1
ENSG00000109906,ENSG00000109906,1
ENSG00000109906,ENSG00000162924,1
ENSG00000162924,ENSG00000109906,1
ENSG00000109906,ENSG00000172789,1
ENSG00000172789,ENSG00000109906,1
ENSG00000109906,ENSG00000177842,1
ENSG00000177842,ENSG00000109906,1
ENSG00000109906,ENSG00000178935,1
ENSG00000178935,ENSG00000109906,1
ENSG00000109906,ENSG00000179627,1
ENSG00000179627,ENSG00000109906,1
ENSG00000111046,ENSG00000140262,1
ENSG00000140262,ENSG00000111046,1
ENSG00000111049,ENSG00000117318,1
ENSG00000117318,ENSG00000111049,1
ENSG00000111049,ENSG00000125968,1
ENSG00000125968,ENSG00000111049,1
ENSG00000111049,ENSG00000127903,1
ENSG00000127903,ENSG00000111049,1
ENSG00000111049,ENSG00000151379,1
ENSG00000151379,ENSG00000111049,1
ENSG00000111049,ENSG00000173480,1
ENSG00000173480,ENSG00000111049,1
ENSG00000111049,ENSG00000183733,1
ENSG00000183733,ENSG00000111049,1
ENSG00000111049,ENSG00000198466,1
ENSG00000198466,ENSG00000111049,1
ENSG00000111049,ENSG00000260428,1
ENSG00000260428,ENSG00000111049,1
ENSG00000112033,ENSG00000152475,1
ENSG00000152475,ENSG00000112033,1
ENSG00000112182,ENSG00000112365,1
ENSG00000112365,ENSG00000112182,1
ENSG00000112182,ENSG00000123685,1
ENSG00000123685,ENSG00000112182,1
ENSG00000112182,ENSG00000140382,1
ENSG00000140382,ENSG00000112182,1
ENSG00000112182,ENSG00000177125,1
ENSG00000177125,ENSG00000112182,1
ENSG00000112182,ENSG00000180884,1
ENSG00000180884,ENSG00000112182,1
ENSG00000112182,ENSG00000183621,1
ENSG00000183621,ENSG00000112182,1
ENSG00000112182,ENSG00000196391,1
ENSG00000196391,ENSG00000112182,1
ENSG00000112182,ENSG00000196418,1
ENSG00000196418,ENSG00000112182,1
ENSG00000112182,ENSG00000197063,1
ENSG00000197063,ENSG00000112182,1
ENSG00000112182,ENSG00000198517,1
ENSG00000198517,ENSG00000112182,1
ENSG00000112365,ENSG00000119866,1
ENSG00000119866,ENSG00000112365,1
ENSG00000112365,ENSG00000121864,1
ENSG00000121864,ENSG00000112365,1
ENSG00000112365,ENSG00000143442,1
ENSG00000143442,ENSG00000112365,1
ENSG00000112365,ENSG00000152475,1
ENSG00000152475,ENSG00000112365,1
ENSG00000112365,ENSG00000162624,1
ENSG00000162624,ENSG00000112365,1
ENSG00000112365,ENSG00000163884,1
ENSG00000163884,ENSG00000112365,1
ENSG00000112365,ENSG00000169155,1
ENSG00000169155,ENSG00000112365,1
ENSG00000112365,ENSG00000180884,1
ENSG00000180884,ENSG00000112365,1
ENSG00000112365,ENSG00000196152,1
ENSG00000196152,ENSG00000112365,1
ENSG00000112365,ENSG00000197951,1
ENSG00000197951,ENSG00000112365,1
ENSG00000113196,ENSG00000140262,1
ENSG00000140262,ENSG00000113196,1
ENSG00000113916,ENSG00000113916,1
ENSG00000113916,ENSG00000113916,1
ENSG00000113916,ENSG00000160685,1
ENSG00000160685,ENSG00000113916,1
ENSG00000113916,ENSG00000161940,1
ENSG00000161940,ENSG00000113916,1
ENSG00000113916,ENSG00000162924,1
ENSG00000162924,ENSG00000113916,1
ENSG00000114126,ENSG00000169016,1
ENSG00000169016,ENSG00000114126,1
ENSG00000114126,ENSG00000205250,1
ENSG00000205250,ENSG00000114126,1
ENSG00000114853,ENSG00000160908,1
ENSG00000160908,ENSG00000114853,1
ENSG00000115507,ENSG00000173473,1
ENSG00000173473,ENSG00000115507,1
ENSG00000115507,ENSG00000179627,1
ENSG00000179627,ENSG00000115507,1
ENSG00000115507,ENSG00000196378,1
ENSG00000196378,ENSG00000115507,1
ENSG00000115738,ENSG00000151379,1
ENSG00000151379,ENSG00000115738,1
ENSG00000115738,ENSG00000187855,1
ENSG00000187855,ENSG00000115738,1
ENSG00000115966,ENSG00000125740,1
ENSG00000125740,ENSG00000115966,1
ENSG00000115966,ENSG00000162624,1
ENSG00000162624,ENSG00000115966,1
ENSG00000115966,ENSG00000170345,1
ENSG00000170345,ENSG00000115966,1
ENSG00000116044,ENSG00000197063,1
ENSG00000197063,ENSG00000116044,1
ENSG00000116044,ENSG00000198517,1
ENSG00000198517,ENSG00000116044,1
ENSG00000117318,ENSG00000140262,1
ENSG00000140262,ENSG00000117318,1
ENSG00000117318,ENSG00000146592,1
ENSG00000146592,ENSG00000117318,1
ENSG00000117318,ENSG00000151379,1
ENSG00000151379,ENSG00000117318,1
ENSG00000117318,ENSG00000196628,1
ENSG00000196628,ENSG00000117318,1
ENSG00000118526,ENSG00000129152,1
ENSG00000129152,ENSG00000118526,1
ENSG00000118526,ENSG00000140262,1
ENSG00000140262,ENSG00000118526,1
ENSG00000119725,ENSG00000143442,1
ENSG00000143442,ENSG00000119725,1
ENSG00000119725,ENSG00000173757,1
ENSG00000173757,ENSG00000119725,1
ENSG00000119725,ENSG00000173917,1
ENSG00000173917,ENSG00000119725,1
ENSG00000119725,ENSG00000186812,1
ENSG00000186812,ENSG00000119725,1
ENSG00000120075,ENSG00000147596,1
ENSG00000147596,ENSG00000120075,1
ENSG00000120075,ENSG00000178935,1
ENSG00000178935,ENSG00000120075,1
ENSG00000120075,ENSG00000185630,1
ENSG00000185630,ENSG00000120075,1
ENSG00000120075,ENSG00000196391,1
ENSG00000196391,ENSG00000120075,1
ENSG00000120075,ENSG00000204304,1
ENSG00000204304,ENSG00000120075,1
ENSG00000120094,ENSG00000127903,1
ENSG00000127903,ENSG00000120094,1
ENSG00000120149,ENSG00000131721,1
ENSG00000131721,ENSG00000120149,1
ENSG00000120149,ENSG00000134532,1
ENSG00000134532,ENSG00000120149,1
ENSG00000120149,ENSG00000136451,1
ENSG00000136451,ENSG00000120149,1
ENSG00000120149,ENSG00000140836,1
ENSG00000140836,ENSG00000120149,1
ENSG00000120149,ENSG00000148737,1
ENSG00000148737,ENSG00000120149,1
ENSG00000120149,ENSG00000160973,1
ENSG00000160973,ENSG00000120149,1
ENSG00000120149,ENSG00000164438,1
ENSG00000164438,ENSG00000120149,1
ENSG00000120798,ENSG00000131759,1
ENSG00000131759,ENSG00000120798,1
ENSG00000121068,ENSG00000134138,1
ENSG00000134138,ENSG00000121068,1
ENSG00000121454,ENSG00000172789,1
ENSG00000172789,ENSG00000121454,1
ENSG00000121454,ENSG00000177932,1
ENSG00000177932,ENSG00000121454,1
ENSG00000121454,ENSG00000181472,1
ENSG00000181472,ENSG00000121454,1
ENSG00000121454,ENSG00000185811,1
ENSG00000185811,ENSG00000121454,1
ENSG00000121454,ENSG00000196628,1
ENSG00000196628,ENSG00000121454,1
ENSG00000121864,ENSG00000152475,1
ENSG00000152475,ENSG00000121864,1
ENSG00000121864,ENSG00000180884,1
ENSG00000180884,ENSG00000121864,1
ENSG00000121864,ENSG00000181472,1
ENSG00000181472,ENSG00000121864,1
ENSG00000122180,ENSG00000125968,1
ENSG00000125968,ENSG00000122180,1
ENSG00000122180,ENSG00000180535,1
ENSG00000180535,ENSG00000122180,1
ENSG00000122180,ENSG00000183733,1
ENSG00000183733,ENSG00000122180,1
ENSG00000122859,ENSG00000140262,1
ENSG00000140262,ENSG00000122859,1
ENSG00000122859,ENSG00000162924,1
ENSG00000162924,ENSG00000122859,1
ENSG00000122859,ENSG00000196628,1
ENSG00000196628,ENSG00000122859,1
ENSG00000123307,ENSG00000196628,1
ENSG00000196628,ENSG00000123307,1
ENSG00000123685,ENSG00000131721,1
ENSG00000131721,ENSG00000123685,1
ENSG00000123685,ENSG00000146592,1
ENSG00000146592,ENSG00000123685,1
ENSG00000123685,ENSG00000152977,1
ENSG00000152977,ENSG00000123685,1
ENSG00000123685,ENSG00000175592,1
ENSG00000175592,ENSG00000123685,1
ENSG00000124191,ENSG00000164438,1
ENSG00000164438,ENSG00000124191,1
ENSG00000124191,ENSG00000169953,1
ENSG00000169953,ENSG00000124191,1
ENSG00000124191,ENSG00000172468,1
ENSG00000172468,ENSG00000124191,1
ENSG00000124496,ENSG00000196482,1
ENSG00000196482,ENSG00000124496,1
ENSG00000124827,ENSG00000125618,1
ENSG00000125618,ENSG00000124827,1
ENSG00000124827,ENSG00000143178,1
ENSG00000143178,ENSG00000124827,1
ENSG00000124827,ENSG00000169953,1
ENSG00000169953,ENSG00000124827,1
ENSG00000124827,ENSG00000172468,1
ENSG00000172468,ENSG00000124827,1
ENSG00000124827,ENSG00000196378,1
ENSG00000196378,ENSG00000124827,1
ENSG00000125740,ENSG00000126603,1
ENSG00000126603,ENSG00000125740,1
ENSG00000125740,ENSG00000136451,1
ENSG00000136451,ENSG00000125740,1
ENSG00000125740,ENSG00000143442,1
ENSG00000143442,ENSG00000125740,1
ENSG00000125740,ENSG00000146592,1
ENSG00000146592,ENSG00000125740,1
ENSG00000125740,ENSG00000164438,1
ENSG00000164438,ENSG00000125740,1
ENSG00000125740,ENSG00000171223,1
ENSG00000171223,ENSG00000125740,1
ENSG00000125816,ENSG00000214513,1
ENSG00000214513,ENSG00000125816,1
ENSG00000125945,ENSG00000213015,1
ENSG00000213015,ENSG00000125945,1
ENSG00000125968,ENSG00000140262,1
ENSG00000140262,ENSG00000125968,1
ENSG00000125968,ENSG00000151379,1
ENSG00000151379,ENSG00000125968,1
ENSG00000125968,ENSG00000176009,1
ENSG00000176009,ENSG00000125968,1
ENSG00000125968,ENSG00000196628,1
ENSG00000196628,ENSG00000125968,1
ENSG00000126003,ENSG00000136451,1
ENSG00000136451,ENSG00000126003,1
ENSG00000126003,ENSG00000170561,1
ENSG00000170561,ENSG00000126003,1
ENSG00000126003,ENSG00000171425,1
ENSG00000171425,ENSG00000126003,1
ENSG00000126003,ENSG00000177468,1
ENSG00000177468,ENSG00000126003,1
ENSG00000126003,ENSG00000198807,1
ENSG00000198807,ENSG00000126003,1
ENSG00000126003,ENSG00000249709,1
ENSG00000249709,ENSG00000126003,1
ENSG00000126561,ENSG00000140262,1
ENSG00000140262,ENSG00000126561,1
ENSG00000126603,ENSG00000151650,1
ENSG00000151650,ENSG00000126603,1
ENSG00000126603,ENSG00000185960,1
ENSG00000185960,ENSG00000126603,1
ENSG00000126603,ENSG00000233608,1
ENSG00000233608,ENSG00000126603,1
ENSG00000126778,ENSG00000162924,1
ENSG00000162924,ENSG00000126778,1
ENSG00000126804,ENSG00000173480,1
ENSG00000173480,ENSG00000126804,1
ENSG00000126804,ENSG00000180938,1
ENSG00000180938,ENSG00000126804,1
ENSG00000127903,ENSG00000147596,1
ENSG00000147596,ENSG00000127903,1
ENSG00000127903,ENSG00000152475,1
ENSG00000152475,ENSG00000127903,1
ENSG00000127903,ENSG00000169957,1
ENSG00000169957,ENSG00000127903,1
ENSG00000127903,ENSG00000171443,1
ENSG00000171443,ENSG00000127903,1
ENSG00000127903,ENSG00000178935,1
ENSG00000178935,ENSG00000127903,1
ENSG00000127903,ENSG00000180884,1
ENSG00000180884,ENSG00000127903,1
ENSG00000127903,ENSG00000180938,1
ENSG00000180938,ENSG00000127903,1
ENSG00000127903,ENSG00000197951,1
ENSG00000197951,ENSG00000127903,1
ENSG00000127903,ENSG00000197961,1
ENSG00000197961,ENSG00000127903,1
ENSG00000128272,ENSG00000140044,1
ENSG00000140044,ENSG00000128272,1
ENSG00000128272,ENSG00000153879,1
ENSG00000153879,ENSG00000128272,1
ENSG00000129152,ENSG00000183733,1
ENSG00000183733,ENSG00000129152,1
ENSG00000129194,ENSG00000134107,1
ENSG00000134107,ENSG00000129194,1
ENSG00000129194,ENSG00000169953,1
ENSG00000169953,ENSG00000129194,1
ENSG00000129194,ENSG00000172468,1
ENSG00000172468,ENSG00000129194,1
ENSG00000130803,ENSG00000152475,1
ENSG00000152475,ENSG00000130803,1
ENSG00000130803,ENSG00000171443,1
ENSG00000171443,ENSG00000130803,1
ENSG00000130803,ENSG00000179930,1
ENSG00000179930,ENSG00000130803,1
ENSG00000130818,ENSG00000187987,1
ENSG00000187987,ENSG00000130818,1
ENSG00000131721,ENSG00000131721,1
ENSG00000131721,ENSG00000131721,1
ENSG00000131721,ENSG00000151650,1
ENSG00000151650,ENSG00000131721,1
ENSG00000131721,ENSG00000167034,1
ENSG00000167034,ENSG00000131721,1
ENSG00000131721,ENSG00000229544,1
ENSG00000229544,ENSG00000131721,1
ENSG00000131759,ENSG00000132170,1
ENSG00000132170,ENSG00000131759,1
ENSG00000131759,ENSG00000180318,1
ENSG00000180318,ENSG00000131759,1
ENSG00000131910,ENSG00000196482,1
ENSG00000196482,ENSG00000131910,1
ENSG00000134107,ENSG00000134107,1
ENSG00000134107,ENSG00000134107,1
ENSG00000134107,ENSG00000140836,1
ENSG00000140836,ENSG00000134107,1
ENSG00000134107,ENSG00000151650,1
ENSG00000151650,ENSG00000134107,1
ENSG00000134138,ENSG00000134138,1
ENSG00000134138,ENSG00000134138,1
ENSG00000134138,ENSG00000185630,1
ENSG00000185630,ENSG00000134138,1
ENSG00000134138,ENSG00000214513,1
ENSG00000214513,ENSG00000134138,1
ENSG00000134532,ENSG00000134532,1
ENSG00000134532,ENSG00000134532,1
ENSG00000134532,ENSG00000171425,1
ENSG00000171425,ENSG00000134532,1
ENSG00000135111,ENSG00000196378,1
ENSG00000196378,ENSG00000135111,1
ENSG00000136451,ENSG00000143442,1
ENSG00000143442,ENSG00000136451,1
ENSG00000136451,ENSG00000143842,1
ENSG00000143842,ENSG00000136451,1
ENSG00000136630,ENSG00000160973,1
ENSG00000160973,ENSG00000136630,1
ENSG00000136931,ENSG00000169297,1
ENSG00000169297,ENSG00000136931,1
ENSG00000136944,ENSG00000146592,1
ENSG00000146592,ENSG00000136944,1
ENSG00000137185,ENSG00000187987,1
ENSG00000187987,ENSG00000137185,1
ENSG00000138136,ENSG00000173258,1
ENSG00000173258,ENSG00000138136,1
ENSG00000138136,ENSG00000255009,1
ENSG00000255009,ENSG00000138136,1
ENSG00000140044,ENSG00000146592,1
ENSG00000146592,ENSG00000140044,1
ENSG00000140262,ENSG00000146618,1
ENSG00000146618,ENSG00000140262,1
ENSG00000140262,ENSG00000151379,1
ENSG00000151379,ENSG00000140262,1
ENSG00000140262,ENSG00000162992,1
ENSG00000162992,ENSG00000140262,1
ENSG00000140262,ENSG00000163792,1
ENSG00000163792,ENSG00000140262,1
ENSG00000140262,ENSG00000164107,1
ENSG00000164107,ENSG00000140262,1
ENSG00000140262,ENSG00000171476,1
ENSG00000171476,ENSG00000140262,1
ENSG00000140262,ENSG00000176009,1
ENSG00000176009,ENSG00000140262,1
ENSG00000140262,ENSG00000178860,1
ENSG00000178860,ENSG00000140262,1
ENSG00000140262,ENSG00000181965,1
ENSG00000181965,ENSG00000140262,1
ENSG00000140262,ENSG00000183733,1
ENSG00000183733,ENSG00000140262,1
ENSG00000140262,ENSG00000187855,1
ENSG00000187855,ENSG00000140262,1
ENSG00000140262,ENSG00000229809,1
ENSG00000229809,ENSG00000140262,1
ENSG00000140262,ENSG00000233608,1
ENSG00000233608,ENSG00000140262,1
ENSG00000140265,ENSG00000140987,1
ENSG00000140987,ENSG00000140265,1
ENSG00000140382,ENSG00000140382,1
ENSG00000140382,ENSG00000140382,1
ENSG00000140382,ENSG00000177468,1
ENSG00000177468,ENSG00000140382,1
ENSG00000140382,ENSG00000184492,1
ENSG00000184492,ENSG00000140382,1
ENSG00000140548,ENSG00000143442,1
ENSG00000143442,ENSG00000140548,1
ENSG00000140836,ENSG00000143190,1
ENSG00000143190,ENSG00000140836,1
ENSG00000140836,ENSG00000177842,1
ENSG00000177842,ENSG00000140836,1
ENSG00000140987,ENSG00000140987,1
ENSG00000140987,ENSG00000140987,1
ENSG00000140987,ENSG00000167840,1
ENSG00000167840,ENSG00000140987,1
ENSG00000140987,ENSG00000196345,1
ENSG00000196345,ENSG00000140987,1
ENSG00000141646,ENSG00000152977,1
ENSG00000152977,ENSG00000141646,1
ENSG00000141646,ENSG00000166949,1
ENSG00000166949,ENSG00000141646,1
ENSG00000141646,ENSG00000170365,1
ENSG00000170365,ENSG00000141646,1
ENSG00000141646,ENSG00000175832,1
ENSG00000175832,ENSG00000141646,1
ENSG00000142528,ENSG00000152475,1
ENSG00000152475,ENSG00000142528,1
ENSG00000142528,ENSG00000180884,1
ENSG00000180884,ENSG00000142528,1
ENSG00000143006,ENSG00000198846,1
ENSG00000198846,ENSG00000143006,1
ENSG00000143032,ENSG00000162924,1
ENSG00000162924,ENSG00000143032,1
ENSG00000143178,ENSG00000143442,1
ENSG00000143442,ENSG00000143178,1
ENSG00000143178,ENSG00000149922,1
ENSG00000149922,ENSG00000143178,1
ENSG00000143178,ENSG00000151650,1
ENSG00000151650,ENSG00000143178,1
ENSG00000143178,ENSG00000152977,1
ENSG00000152977,ENSG00000143178,1
ENSG00000143178,ENSG00000159387,1
ENSG00000159387,ENSG00000143178,1
ENSG00000143190,ENSG00000143190,1
ENSG00000143190,ENSG00000143190,1
ENSG00000143190,ENSG00000143442,1
ENSG00000143442,ENSG00000143190,1
ENSG00000143355,ENSG00000255009,1
ENSG00000255009,ENSG00000143355,1
ENSG00000143442,ENSG00000166478,1
ENSG00000166478,ENSG00000143442,1
ENSG00000143442,ENSG00000172845,1
ENSG00000172845,ENSG00000143442,1
ENSG00000143842,ENSG00000198466,1
ENSG00000198466,ENSG00000143842,1
ENSG00000144792,ENSG00000196418,1
ENSG00000196418,ENSG00000144792,1
ENSG00000145220,ENSG00000145220,1
ENSG00000145220,ENSG00000145220,1
ENSG00000145908,ENSG00000180318,1
ENSG00000180318,ENSG00000145908,1
ENSG00000146592,ENSG00000146592,1
ENSG00000146592,ENSG00000146592,1
ENSG00000146592,ENSG00000147596,1
ENSG00000147596,ENSG00000146592,1
ENSG00000146592,ENSG00000170345,1
ENSG00000170345,ENSG00000146592,1
ENSG00000146592,ENSG00000175592,1
ENSG00000175592,ENSG00000146592,1
ENSG00000146592,ENSG00000196378,1
ENSG00000196378,ENSG00000146592,1
ENSG00000146618,ENSG00000151379,1
ENSG00000151379,ENSG00000146618,1
ENSG00000146618,ENSG00000196628,1
ENSG00000196628,ENSG00000146618,1
ENSG00000146618,ENSG00000233608,1
ENSG00000233608,ENSG00000146618,1
ENSG00000147596,ENSG00000198466,1
ENSG00000198466,ENSG00000147596,1
ENSG00000148704,ENSG00000196482,1
ENSG00000196482,ENSG00000148704,1
ENSG00000148737,ENSG00000196378,1
ENSG00000196378,ENSG00000148737,1
ENSG00000149922,ENSG00000169953,1
ENSG00000169953,ENSG00000149922,1
ENSG00000149922,ENSG00000172468,1
ENSG00000172468,ENSG00000149922,1
ENSG00000149922,ENSG00000196378,1
ENSG00000196378,ENSG00000149922,1
ENSG00000151379,ENSG00000196628,1
ENSG00000196628,ENSG00000151379,1
ENSG00000151615,ENSG00000214513,1
ENSG00000214513,ENSG00000151615,1
ENSG00000151650,ENSG00000151650,1
ENSG00000151650,ENSG00000151650,1
ENSG00000151650,ENSG00000168062,1
ENSG00000168062,ENSG00000151650,1
ENSG00000151650,ENSG00000168875,1
ENSG00000168875,ENSG00000151650,1
ENSG00000151650,ENSG00000196378,1
ENSG00000196378,ENSG00000151650,1
ENSG00000152433,ENSG00000173480,1
ENSG00000173480,ENSG00000152433,1
ENSG00000152433,ENSG00000198466,1
ENSG00000198466,ENSG00000152433,1
ENSG00000152475,ENSG00000152475,1
ENSG00000152475,ENSG00000152475,1
ENSG00000152475,ENSG00000169951,1
ENSG00000169951,ENSG00000152475,1
ENSG00000152475,ENSG00000171443,1
ENSG00000171443,ENSG00000152475,1
ENSG00000152475,ENSG00000173480,1
ENSG00000173480,ENSG00000152475,1
ENSG00000152475,ENSG00000178935,1
ENSG00000178935,ENSG00000152475,1
ENSG00000152475,ENSG00000179930,1
ENSG00000179930,ENSG00000152475,1
ENSG00000152475,ENSG00000180884,1
ENSG00000180884,ENSG00000152475,1
ENSG00000152475,ENSG00000186272,1
ENSG00000186272,ENSG00000152475,1
ENSG00000152475,ENSG00000196418,1
ENSG00000196418,ENSG00000152475,1
ENSG00000152475,ENSG00000197961,1
ENSG00000197961,ENSG00000152475,1
ENSG00000152475,ENSG00000198466,1
ENSG00000198466,ENSG00000152475,1
ENSG00000152977,ENSG00000160973,1
ENSG00000160973,ENSG00000152977,1
ENSG00000152977,ENSG00000162924,1
ENSG00000162924,ENSG00000152977,1
ENSG00000152977,ENSG00000177842,1
ENSG00000177842,ENSG00000152977,1
ENSG00000152977,ENSG00000196378,1
ENSG00000196378,ENSG00000152977,1
ENSG00000156127,ENSG00000171223,1
ENSG00000171223,ENSG00000156127,1
ENSG00000157657,ENSG00000157657,1
ENSG00000157657,ENSG00000157657,1
ENSG00000158773,ENSG00000158773,1
ENSG00000158773,ENSG00000158773,1
ENSG00000158773,ENSG00000170345,1
ENSG00000170345,ENSG00000158773,1
ENSG00000158773,ENSG00000175592,1
ENSG00000175592,ENSG00000158773,1
ENSG00000160685,ENSG00000161940,1
ENSG00000161940,ENSG00000160685,1
ENSG00000160685,ENSG00000168795,1
ENSG00000168795,ENSG00000160685,1
ENSG00000160685,ENSG00000179627,1
ENSG00000179627,ENSG00000160685,1
ENSG00000160685,ENSG00000255009,1
ENSG00000255009,ENSG00000160685,1
ENSG00000160973,ENSG00000164438,1
ENSG00000164438,ENSG00000160973,1
ENSG00000160973,ENSG00000164683,1
ENSG00000164683,ENSG00000160973,1
ENSG00000160973,ENSG00000166949,1
ENSG00000166949,ENSG00000160973,1
ENSG00000160973,ENSG00000168062,1
ENSG00000168062,ENSG00000160973,1
ENSG00000160973,ENSG00000168875,1
ENSG00000168875,ENSG00000160973,1
ENSG00000160973,ENSG00000175387,1
ENSG00000175387,ENSG00000160973,1
ENSG00000160973,ENSG00000186564,1
ENSG00000186564,ENSG00000160973,1
ENSG00000160973,ENSG00000196378,1
ENSG00000196378,ENSG00000160973,1
ENSG00000160973,ENSG00000214513,1
ENSG00000214513,ENSG00000160973,1
ENSG00000161405,ENSG00000161405,1
ENSG00000161405,ENSG00000161405,1
ENSG00000161405,ENSG00000173480,1
ENSG00000173480,ENSG00000161405,1
ENSG00000161405,ENSG00000198466,1
ENSG00000198466,ENSG00000161405,1
ENSG00000162624,ENSG00000183733,1
ENSG00000183733,ENSG00000162624,1
ENSG00000162624,ENSG00000213676,1
ENSG00000213676,ENSG00000162624,1
ENSG00000162924,ENSG00000164438,1
ENSG00000164438,ENSG00000162924,1
ENSG00000162924,ENSG00000170325,1
ENSG00000170325,ENSG00000162924,1
ENSG00000162924,ENSG00000173039,1
ENSG00000173039,ENSG00000162924,1
ENSG00000162924,ENSG00000173153,1
ENSG00000173153,ENSG00000162924,1
ENSG00000162924,ENSG00000173480,1
ENSG00000173480,ENSG00000162924,1
ENSG00000162924,ENSG00000180938,1
ENSG00000180938,ENSG00000162924,1
ENSG00000162924,ENSG00000184481,1
ENSG00000184481,ENSG00000162924,1
ENSG00000162924,ENSG00000196417,1
ENSG00000196417,ENSG00000162924,1
ENSG00000162924,ENSG00000196482,1
ENSG00000196482,ENSG00000162924,1
ENSG00000162924,ENSG00000229809,1
ENSG00000229809,ENSG00000162924,1
ENSG00000162924,ENSG00000249709,1
ENSG00000249709,ENSG00000162924,1
ENSG00000162992,ENSG00000196628,1
ENSG00000196628,ENSG00000162992,1
ENSG00000163508,ENSG00000171540,1
ENSG00000171540,ENSG00000163508,1
ENSG00000163792,ENSG00000183733,1
ENSG00000183733,ENSG00000163792,1
ENSG00000163792,ENSG00000196628,1
ENSG00000196628,ENSG00000163792,1
ENSG00000164107,ENSG00000196628,1
ENSG00000196628,ENSG00000164107,1
ENSG00000164438,ENSG00000196378,1
ENSG00000196378,ENSG00000164438,1
ENSG00000166478,ENSG00000183621,1
ENSG00000183621,ENSG00000166478,1
ENSG00000166478,ENSG00000196700,1
ENSG00000196700,ENSG00000166478,1
ENSG00000166949,ENSG00000196391,1
ENSG00000196391,ENSG00000166949,1
ENSG00000167034,ENSG00000173480,1
ENSG00000173480,ENSG00000167034,1
ENSG00000167394,ENSG00000180884,1
ENSG00000180884,ENSG00000167394,1
ENSG00000167395,ENSG00000213921,1
ENSG00000213921,ENSG00000167395,1
ENSG00000167685,ENSG00000198315,1
ENSG00000198315,ENSG00000167685,1
ENSG00000167785,ENSG00000255009,1
ENSG00000255009,ENSG00000167785,1
ENSG00000168062,ENSG00000168269,1
ENSG00000168269,ENSG00000168062,1
ENSG00000168062,ENSG00000175325,1
ENSG00000175325,ENSG00000168062,1
ENSG00000169016,ENSG00000198176,1
ENSG00000198176,ENSG00000169016,1
ENSG00000169155,ENSG00000169155,1
ENSG00000169155,ENSG00000169155,1
ENSG00000169155,ENSG00000173480,1
ENSG00000173480,ENSG00000169155,1
ENSG00000169155,ENSG00000198466,1
ENSG00000198466,ENSG00000169155,1
ENSG00000169297,ENSG00000196482,1
ENSG00000196482,ENSG00000169297,1
ENSG00000169957,ENSG00000173480,1
ENSG00000173480,ENSG00000169957,1
ENSG00000169957,ENSG00000179930,1
ENSG00000179930,ENSG00000169957,1
ENSG00000170345,ENSG00000171223,1
ENSG00000171223,ENSG00000170345,1
ENSG00000171223,ENSG00000175592,1
ENSG00000175592,ENSG00000171223,1
ENSG00000171425,ENSG00000173473,1
ENSG00000173473,ENSG00000171425,1
ENSG00000171425,ENSG00000180884,1
ENSG00000180884,ENSG00000171425,1
ENSG00000171425,ENSG00000185811,1
ENSG00000185811,ENSG00000171425,1
ENSG00000171425,ENSG00000196417,1
ENSG00000196417,ENSG00000171425,1
ENSG00000171443,ENSG00000197951,1
ENSG00000197951,ENSG00000171443,1
ENSG00000171970,ENSG00000180938,1
ENSG00000180938,ENSG00000171970,1
ENSG00000172789,ENSG00000185630,1
ENSG00000185630,ENSG00000172789,1
ENSG00000172789,ENSG00000204304,1
ENSG00000204304,ENSG00000172789,1
ENSG00000173039,ENSG00000196628,1
ENSG00000196628,ENSG00000173039,1
ENSG00000173153,ENSG00000196482,1
ENSG00000196482,ENSG00000173153,1
ENSG00000173480,ENSG00000180938,1
ENSG00000180938,ENSG00000173480,1
ENSG00000173480,ENSG00000185811,1
ENSG00000185811,ENSG00000173480,1
ENSG00000173480,ENSG00000196391,1
ENSG00000196391,ENSG00000173480,1
ENSG00000173480,ENSG00000196628,1
ENSG00000196628,ENSG00000173480,1
ENSG00000173480,ENSG00000197951,1
ENSG00000197951,ENSG00000173480,1
ENSG00000173480,ENSG00000198466,1
ENSG00000198466,ENSG00000173480,1
ENSG00000173480,ENSG00000198963,1
ENSG00000198963,ENSG00000173480,1
ENSG00000173480,ENSG00000205189,1
ENSG00000205189,ENSG00000173480,1
ENSG00000173480,ENSG00000276234,1
ENSG00000276234,ENSG00000173480,1
ENSG00000175325,ENSG00000177468,1
ENSG00000177468,ENSG00000175325,1
ENSG00000176009,ENSG00000196628,1
ENSG00000196628,ENSG00000176009,1
ENSG00000177842,ENSG00000179930,1
ENSG00000179930,ENSG00000177842,1
ENSG00000178860,ENSG00000196628,1
ENSG00000196628,ENSG00000178860,1
ENSG00000178860,ENSG00000204304,1
ENSG00000204304,ENSG00000178860,1
ENSG00000178935,ENSG00000179930,1
ENSG00000179930,ENSG00000178935,1
ENSG00000178935,ENSG00000180884,1
ENSG00000180884,ENSG00000178935,1
ENSG00000179456,ENSG00000181472,1
ENSG00000181472,ENSG00000179456,1
ENSG00000179774,ENSG00000196628,1
ENSG00000196628,ENSG00000179774,1
ENSG00000179930,ENSG00000180884,1
ENSG00000180884,ENSG00000179930,1
ENSG00000179930,ENSG00000183621,1
ENSG00000183621,ENSG00000179930,1
ENSG00000179930,ENSG00000197951,1
ENSG00000197951,ENSG00000179930,1
ENSG00000179930,ENSG00000254004,1
ENSG00000254004,ENSG00000179930,1
ENSG00000180884,ENSG00000180884,1
ENSG00000180884,ENSG00000180884,1
ENSG00000180884,ENSG00000197951,1
ENSG00000197951,ENSG00000180884,1
ENSG00000180938,ENSG00000180938,1
ENSG00000180938,ENSG00000180938,1
ENSG00000180938,ENSG00000196391,1
ENSG00000196391,ENSG00000180938,1
ENSG00000181472,ENSG00000181472,1
ENSG00000181472,ENSG00000181472,1
ENSG00000181638,ENSG00000198298,1
ENSG00000198298,ENSG00000181638,1
ENSG00000181965,ENSG00000196628,1
ENSG00000196628,ENSG00000181965,1
ENSG00000182979,ENSG00000185811,1
ENSG00000185811,ENSG00000182979,1
ENSG00000183072,ENSG00000185960,1
ENSG00000185960,ENSG00000183072,1
ENSG00000183621,ENSG00000186272,1
ENSG00000186272,ENSG00000183621,1
ENSG00000183621,ENSG00000196482,1
ENSG00000196482,ENSG00000183621,1
ENSG00000183733,ENSG00000196628,1
ENSG00000196628,ENSG00000183733,1
ENSG00000185002,ENSG00000229809,1
ENSG00000229809,ENSG00000185002,1
ENSG00000185811,ENSG00000185811,1
ENSG00000185811,ENSG00000185811,1
ENSG00000185811,ENSG00000198466,1
ENSG00000198466,ENSG00000185811,1
ENSG00000185811,ENSG00000213015,1
ENSG00000213015,ENSG00000185811,1
ENSG00000185869,ENSG00000198466,1
ENSG00000198466,ENSG00000185869,1
ENSG00000186051,ENSG00000196628,1
ENSG00000196628,ENSG00000186051,1
ENSG00000186564,ENSG00000214513,1
ENSG00000214513,ENSG00000186564,1
ENSG00000186951,ENSG00000187987,1
ENSG00000187987,ENSG00000186951,1
ENSG00000186951,ENSG00000198466,1
ENSG00000198466,ENSG00000186951,1
ENSG00000187855,ENSG00000196628,1
ENSG00000196628,ENSG00000187855,1
ENSG00000187987,ENSG00000196345,1
ENSG00000196345,ENSG00000187987,1
ENSG00000196233,ENSG00000198963,1
ENSG00000198963,ENSG00000196233,1
ENSG00000196391,ENSG00000198466,1
ENSG00000198466,ENSG00000196391,1
ENSG00000196418,ENSG00000196628,1
ENSG00000196628,ENSG00000196418,1
ENSG00000196482,ENSG00000196482,1
ENSG00000196482,ENSG00000196482,1
ENSG00000196628,ENSG00000198466,1
ENSG00000198466,ENSG00000196628,1
ENSG00000196628,ENSG00000229809,1
ENSG00000229809,ENSG00000196628,1
ENSG00000196628,ENSG00000233608,1
ENSG00000233608,ENSG00000196628,1
ENSG00000196628,ENSG00000260428,1
ENSG00000260428,ENSG00000196628,1
ENSG00000198176,ENSG00000205250,1
ENSG00000205250,ENSG00000198176,1
ENSG00000198315,ENSG00000198466,1
ENSG00000198466,ENSG00000198315,1
ENSG00000198466,ENSG00000198963,1
ENSG00000198963,ENSG00000198466,1
ENSG00000198466,ENSG00000204304,1
ENSG00000204304,ENSG00000198466,1
ENSG00000198466,ENSG00000269699,1
ENSG00000269699,ENSG00000198466,1
ENSG00000214513,ENSG00000253831,1
ENSG00000253831,ENSG00000214513,1
ENSG00000214513,ENSG00000255009,1
ENSG00000255009,ENSG00000214513,1
ENSG00000214717,ENSG00000214717,1
ENSG00000214717,ENSG00000214717,1
ENSG00000229809,ENSG00000276234,1
ENSG00000276234,ENSG00000229809,1
ENSG00000249709,ENSG00000276234,1
ENSG00000276234,ENSG00000249709,1
ENSG00000276644,ENSG00000276644,1
ENSG00000276644,ENSG00000276644,1